{"Max_norm_high": "22.475402509481093", "Min_norm_high": "0.0020561226065994942", "Max_norm_low": "29.302658", "Min_norm_low": "0.0002552256", "Min noise": 0.015, "Max noise": 0.95, "T": 50, "Epochs": 300, "Batch size": 64, "lr": 0.0001, "ensemble": 5, "dropout": 0.2, "unet_channels": [64, 128, 256, 512], "kernel_sizes": [3, 3, 3, 3], "input_channels": 5, "time_emb_dim": 32, "Attention": false}